iter	MultiClass
0	0.955905398
1	0.7962075829
2	0.718286913
3	0.6817059142
4	0.6229571334
5	0.6041111192
6	0.584574075
7	0.5670610275
8	0.5512456754
9	0.5379682766
